category,title,creator,publication_year,description
movie,Seattle Town,Charolette Kessler,2007,Commodi quis minima laudantium.
album,Hello Star,Marx Sawayn,1984,Blanditiis vel non iure.
album,Seattle Utopia,Bertram Terry,1947,Unde expedita optio et.
album,Holiday Level,Rowena Donnelly,1990,Animi eius repudiandae aliquam.
album,Dark Cup,Mark Boyle,1977,Omnis dolore doloremque repellat.
movie,Kreb-Full-o Light,Reena Dare,1969,Quibusdam ea accusantium illum.
book,Pumpkin-spice Choice,Byron Larkin Jr.,1931,Voluptates aperiam sit ullam.
album,Brooklyn Been,Lazaro Oberbrunner,1921,Sint sit dolor ut.
album,Red Enlightenment,Alan Friesen II,1956,Vero totam error eos.
book,Evening Volcano,Ulysses Padberg Sr.,1927,Quia facilis sit ut.
album,Strong Volcano,Sylvester Toy PhD,1960,Veritatis beatae quisquam maiores.
book,Caf√© Volcano,Mr. Hiram Conn,2002,Occaecati deleniti et aut.
movie,Goodbye Mug,Krystina Kling,1980,Et et enim et.
album,Postmodern Symphony,Rodney Mraz V,1976,Sint saepe eum eaque.
movie,Split Level,Carlos Bins,1990,Nihil qui soluta magni.
movie,Blacktop Java,Warner Rosenbaum,1928,Et a rem voluptates.
book,Evening Cowboy,Milo Kulas,1941,Dignissimos accusamus iste eius.
movie,Joe Been,Genevie Crooks,1946,Et officia voluptatem ratione.
book,Major Utopia,Miss Dia D'Amore,1992,Fugiat odit aliquid aut.
album,Blacktop Solstice,Brad Balistreri DVM,1998,Velit atque dolor facilis.
book,Postmodern Enlightenment,Lonnie Kunde,1982,Placeat voluptate modi illum.
movie,KrebStar Cup,Alex Kemmer,2006,Eius expedita maxime non.
album,Dark Delight,Reynaldo Wisozk,1918,Accusamus voluptate eos deserunt.
movie,Bluebery Symphony,Benjamin Konopelski MD,1941,Libero incidunt nihil asperiores.
movie,Cascara Choice,Gonzalo Romaguera,1959,Earum vel quia accusamus.
